advertised_price,msrp,exterior,interior,dealer_name,dealer_city,availability,stock,vin,url,verified_current,first_seen,last_seen,price_label,price_notes
,10000,Radiant Red Metallic II,Black,Bud Clary Honda of Moses Lake,Moses Lake,In transit,6H0514,LZCURRENTLANGUAGE,https://www.budclaryhondaofmoseslake.com/new-vehicles/suvs-crossovers/,True,2026-08-02T08:28:27Z,2026-09-01T13:42:46Z,,Label copied from dealer page
,10000,Styling,Styling,Dick Hannah Honda,Vancouver,In stock,,FETCHUSERSEGMENTS,https://www.dickhannahhonda.com/2025-odyssey/,True,2026-08-02T08:28:27Z,2026-09-01T13:42:46Z,,
,10000,A Design That Moves You,"With seating for up to eight and a massive cargo capacity, you can bring everything and everyone alo",Honda of Bellingham,Bellingham,In stock,,,https://www.hondaofbellingham.com/2026-honda-odyssey-bellingham-wa/,True,2026-08-02T16:50:15Z,2026-09-01T13:42:46Z,,
,10000,"_color_generic"",""ext_color"":""exterior_color"",""int_color"":""interior_color"",""int_color_generic"":""inter","_color"",""int_color_generic"":""interior_color_generic"",""body"":""body_type"",""bodytype"":""generic_body_typ",Honda of Kirkland,Kirkland,In stock,,,https://www.kirklandhonda.com/contact-us/,True,2026-08-02T16:50:15Z,2026-09-01T13:42:46Z,,
,10000,Styling,Styling,Rairdon's Honda of Burien,Burien,In stock,,,https://www.burienhonda.com/2026-odyssey/,True,2026-08-02T16:50:15Z,2026-09-01T13:42:46Z,,
,10000,Rallye Red,"_color"",""int_color_generic"":""interior_color_generic"",""body"":""body_type"",""bodytype"":""generic_body_typ",Rairdon's Honda of Burien,Burien,In transit,"String(v.stock || """").trim() || undefined,
 year: Number.isFinite(year) ? year : undefined,
 make,
 ",2HGFE2F28TH610777,https://www.burienhonda.com/new-vehicles/,True,2026-08-15T14:14:55Z,2026-09-01T13:42:46Z,,Label copied from dealer page
,10000,Blue Pearl,Gray,Rairdon's Honda of Sumner,Sumner,In transit,"String(v.stock || """").trim() || undefined,
 year: Number.isFinite(year) ? year : undefined,
 make,
 ",5FNRL6H65TB078287,https://www.hondaofsumner.com/new-vehicles/odyssey/,True,2026-08-02T08:28:27Z,2026-09-01T13:42:46Z,,Label copied from dealer page
,10000,Styling,Styling,Rairdon's Honda of Sumner,Sumner,In stock,,,https://www.hondaofsumner.com/2026-odyssey/,True,2026-08-02T08:28:27Z,2026-09-01T13:42:46Z,,
,10000,Platinum White Pearl,Black,Rairdon's Honda of Sumner,Sumner,In transit,"String(v.stock || """").trim() || undefined,
 year: Number.isFinite(year) ? year : undefined,
 make,
 ",19XFL2H8XTE024471,https://www.hondaofsumner.com/new-vehicles/,True,2026-08-24T15:39:51Z,2026-09-01T13:42:46Z,,Label copied from dealer page
,10000,"_color_generic"",""ext_color"":""exterior_color"",""int_color"":""interior_color"",""int_color_generic"":""inter","_color"",""int_color_generic"":""interior_color_generic"",""body"":""body_type"",""bodytype"":""generic_body_typ",South Tacoma Honda,Tacoma,In transit,H23087,2HGFE2F55TH619799,https://www.southtacomahonda.com/new-vehicles/,True,2026-09-01T13:42:46Z,2026-09-01T13:42:46Z,,Label copied from dealer page
,10000,"_color_generic"",""ext_color"":""exterior_color"",""int_color"":""interior_color"",""int_color_generic"":""inter","_color"",""int_color_generic"":""interior_color_generic"",""body"":""body_type"",""bodytype"":""generic_body_typ",South Tacoma Honda,Tacoma,In transit,H22774,3CZRZ2H36VM713670,https://www.southtacomahonda.com/new-vehicles/suvs-crossovers/,True,2026-08-02T08:28:27Z,2026-09-01T13:42:46Z,,Label copied from dealer page
,10000,"_color_generic"",""ext_color"":""exterior_color"",""int_color"":""interior_color"",""int_color_generic"":""inter","_color"",""int_color_generic"":""interior_color_generic"",""body"":""body_type"",""bodytype"":""generic_body_typ",Underriner Honda of Walla Walla,College Place,In stock,,,https://www.underrinerhondaofwallawalla.com/2025-honda-odyssey-overview/,True,2026-08-03T19:26:08Z,2026-09-01T13:42:46Z,,Label copied from dealer page
15000,,"light replacement at Honda of Seattle in Seattle, using OEM-spec components for proper fit and perfo","Color"": ""Black"",
 ""vehicleTransmission"": ""Automatic"",
 ""fuelType"": ""Direct Injection"",
 ""numberOfDoo",Honda of Seattle,Seattle,Available,5FNRL6H92VB001423,5FNRL6H92VB001423,"https://www.hondaofseattle.com/viewdetails/new/5fnrl6h92vb001423/2027-honda-odyssey-mini-van,-passenger",True,2026-08-19T15:22:15Z,2026-09-01T13:42:46Z,Price,Label copied from dealer page
15000,,"light replacement at Klein Honda in Everett in Everett, using OEM-spec components for proper fit and","Color"": ""Black"",
 ""vehicleTransmission"": ""Automatic"",
 ""fuelType"": ""Direct Injection"",
 ""numberOfDoo",Klein Honda,Everett,Available,5FNRL6H94VB003898,5FNRL6H94VB003898,"https://www.kleinhonda.com/viewdetails/new/5fnrl6h94vb003898/2027-honda-odyssey-mini-van,-passenger",True,2026-08-28T22:06:54Z,2026-09-01T13:42:46Z,Price,Label copied from dealer page
,15444,"Color: 'Crystal Black Pearl',
latitude: userLocation?.userLatitude || '',
listingCode: 'autonationho","Color"": ""Black"",
""mileageFromOdometer"": {
""@type"": ""QuantitativeValue"",
""value"": 7,
""unitCode"": ""SMI",AutoNation Honda Spokane Valley,Spokane Valley,In transit,CAEACA;--color-in-stock-dark:#045F04},5FNRL6H66TB085877,https://www.autonationhondaspokanevalley.com/new-inventory/index.htm?redirectFromMissingVDP=true&vdpUrl=%2Fnew%2FHonda%2F2026-Honda-Odyssey-94df50f4ac181c46cdfd0dfeb23795c1.htm,True,2026-08-02T08:28:27Z,2026-09-01T13:42:46Z,,Label copied from dealer page
,15444,""",""value"":""Radiant Red II"",""normalizedValue"":""Red"",""labeledValue"":""Radiant Red II Exterior""},{""name""",""",""value"":""Gray"",""normalizedValue"":""Gray"",""labeledValue"":""Gray Interior""},{""name"":""stockNumber"",""lab",AutoNation Honda Spokane Valley,Spokane Valley,In transit,""",""value"":""TB084430"",""labeledValue"":""Stock # TB084430 ""}],""highlightedAttributes"":[{""name"":""type"",""l",TRANSFERBADGETYPE,https://www.autonationhondaspokanevalley.com/new-inventory/index.htm?redirectFromMissingVDP=true&vdpUrl=%2Fnew%2FHonda%2F2026-Honda-Odyssey-94df50f4ac181c46cdfd0dfeb23795c1.htm,True,2026-08-02T08:28:27Z,2026-09-01T13:42:46Z,,
,15444,""",""value"":""Radiant Red II"",""normalizedValue"":""Red"",""labeledValue"":""Radiant Red II Exterior""},{""name""",""",""value"":""Gray"",""normalizedValue"":""Gray"",""labeledValue"":""Gray Interior""},{""name"":""stockNumber"",""lab",AutoNation Honda Spokane Valley,Spokane Valley,In transit,""",""value"":""TB084430"",""labeledValue"":""Stock # TB084430 ""}],""highlightedAttributes"":[{""name"":""type"",""l",ENABLEAPPLEWALLET,https://www.autonationhondaspokanevalley.com/new-inventory/index.htm?redirectFromMissingVDP=true&vdpUrl=%2Fnew%2FHonda%2F2026-Honda-Odyssey-94df50f4ac181c46cdfd0dfeb23795c1.htm,True,2026-08-02T08:28:27Z,2026-09-01T13:42:46Z,,
29101,29090,,,Stirling Honda,Longview,In transit,26-1218,GETCURRENTPAGEURL,https://www.stirlinghonda.com/searchnew.aspx,True,2026-08-02T16:50:15Z,2026-09-01T13:42:46Z,Internet Price,Label copied from dealer page
,42220,),Versatility is the name of the game in the Odyssey’s interior. Honda prioritizes both comfort and fu,Stirling Honda,Longview,Available,VIN:,5FNRL6H69TB074811,https://www.stirlinghonda.com/2026-honda-odyssey-for-sale-longview-wa,True,2026-08-30T13:30:54Z,2026-09-01T13:42:46Z,,
,42795,),"stitching give the Odyssey a more athletic personality, while added features like a wireless phone c",Honda Auto Center of Bellevue,Bellevue,In stock,VIN:,7FARS6H88SE100502,https://www.bellevuehonda.com/2026-honda-odyssey-bellevue-wa,True,2026-08-02T08:28:27Z,2026-09-01T13:42:46Z,,
43465,44745,Platinum White Pearl,Black,Dick Hannah Honda,Vancouver,Pending,H261192,5FNRL6H68VB003120,https://www.dickhannahhonda.com/inventory/new-2026-honda-odyssey-ex-l-fwd-4d-passenger-van-5fnrl6h64tb090110/,True,2026-08-28T22:06:54Z,2026-09-01T13:42:46Z,Sale Price,Label copied from dealer page
43707,43707,"Color: 'Radiant Red II',
latitude: userLocation?.userLatitude || '',
listingCode: 'autonationhondaof","Color"": ""Black"",
""mileageFromOdometer"": {
""@type"": ""QuantitativeValue"",
""value"": 6,
""unitCode"": ""SMI",AutoNation Honda Spokane Valley,Spokane Valley,In transit,CAEACA;--color-in-stock-dark:#045F04},5FNRL6H79TB084957,https://www.autonationhondaspokanevalley.com/new-inventory/index.htm?redirectFromMissingVDP=true&vdpUrl=%2Fnew%2FHonda%2F2026-Honda-Odyssey-94df50f4ac181c46cdfd0dfeb23795c1.htm,True,2026-08-02T08:28:27Z,2026-09-01T13:42:46Z,Selling Price,Label copied from dealer page
43707,43707,"Color: 'Radiant Red II',
latitude: userLocation?.userLatitude || '',
listingCode: 'autonationhondaof","Color"": ""Black"",
""mileageFromOdometer"": {
""@type"": ""QuantitativeValue"",
""value"": 6,
""unitCode"": ""SMI",AutoNation Honda Spokane Valley,Spokane Valley,In transit,CAEACA;--color-in-stock-dark:#045F04},5FNRL6H73TB077163,https://www.autonationhondaspokanevalley.com/new-inventory/index.htm?redirectFromMissingVDP=true&vdpUrl=%2Fnew%2FHonda%2F2026-Honda-Odyssey-94df50f4ac181c46cdfd0dfeb23795c1.htm,True,2026-08-02T08:28:27Z,2026-09-01T13:42:46Z,Selling Price,Label copied from dealer page
44690,37840,"Color asc"",
""label"":""Color: A to Z"",
},
{
""value"":""normalExteriorColor desc"",
""label"":""Color: Z to A","Color"":""Gray"",""vehicleTransmission"":""10-Speed Automatic with Overdrive"",""driveWheelConfiguration"":""F",West Hills Honda,Bremerton,In transit,CAEACA;--color-in-stock-dark:#045F04},5FNRL6H65VB002197,https://www.westhillshonda.com/new/Honda/2027-Honda-Odyssey-262381a3ac185c30491eeacb7cc15a43.htm?autoOpen=true&dsLoad=true&route=paymentOptions,True,2026-08-22T14:13:14Z,2026-09-01T13:42:46Z,Price,Label copied from dealer page
46319,,"Color"",
 ""vehicle_engine"": ""engine"",
 ""vehicle_type"": ""status"",
 ""vehicle_engine_fuel"": ""fuelType"",
","Color"",
 ""vehicle_color_ext"": ""exteriorColor"",
 ""vehicle_engine"": ""engine"",
 ""vehicle_type"": ""status",Harvest Honda,Yakima,Available,"stock,
 vehicle_id: vehicle_id
 };

 iSpy.sendClickpathData(""Click to Call"", post_data);
 });

 clic",5FNRL6H80TB077274,https://www.harvesthondawa.com/auto/new-2026-honda-odyssey-touring-yakima-wa/122015687/,True,2026-08-02T08:28:27Z,2026-09-01T13:42:46Z,Internet Price,Label copied from dealer page
47699,44290,"light replacement at Apple Valley Honda in East Wenatchee, using OEM-spec components for proper fit ","ColorFilter = 'true' === ""true"";
 var enableTrasactRedirectionURl = 'false'===""true"";
 var isCareByV",Apple Valley Honda,East Wenatchee,Available,2326,ENABLEEDMUNDSCASH,https://www.applevalleyhonda.com/research-models/2026/honda/odyssey,True,2026-08-02T08:28:27Z,2026-09-01T13:42:46Z,Our Price,Label copied from dealer page
,49445,"Color asc"",
""label"":""Color: A to Z"",
},
{
""value"":""normalExteriorColor desc"",
""label"":""Color: Z to A","Color"":""Nh-883p/Black"",""mileageFromOdometer"":{""@type"":""QuantitativeValue"",""value"":8,""unitCode"":""SMI""",Findlay Honda Spokane,Spokane,In transit,CAEACA;--color-in-stock-dark:#045F04},5FNRL6H88TB081816,https://www.findlayhondaspokane.com/new-honda-odyssey.htm,True,2026-08-02T08:28:27Z,2026-09-01T13:42:46Z,,
50052,,Sonic Gray Pearl,Black,AutoNation Honda Spokane Valley,Spokane Valley,Available,TB088585,5FNRL6H95TB088585,https://www.autonationhondaspokanevalley.com/new-inventory/index.htm?redirectFromMissingVDP=true&vdpUrl=%2Fnew%2FHonda%2F2026-Honda-Odyssey-94df50f4ac181c46cdfd0dfeb23795c1.htm,True,2026-08-02T08:28:27Z,2026-09-01T13:42:46Z,Advertised price,
50052,,Platinum White Pearl,Black,AutoNation Honda Spokane Valley,Spokane Valley,Available,TB089020,5FNRL6H96TB089020,https://www.autonationhondaspokanevalley.com/new-inventory/index.htm?redirectFromMissingVDP=true&vdpUrl=%2Fnew%2FHonda%2F2026-Honda-Odyssey-94df50f4ac181c46cdfd0dfeb23795c1.htm,True,2026-08-02T08:28:27Z,2026-09-01T13:42:46Z,Advertised price,
51185,,Platinum White Pearl,Black,AutoNation Honda Spokane Valley,Spokane Valley,Available,TB077542,5FNRL6H99TB077542,https://www.autonationhondaspokanevalley.com/new-inventory/index.htm?redirectFromMissingVDP=true&vdpUrl=%2Fnew%2FHonda%2F2026-Honda-Odyssey-94df50f4ac181c46cdfd0dfeb23795c1.htm,True,2026-08-02T08:28:27Z,2026-09-01T13:42:46Z,Advertised price,
52697,,Sonic Gray Pearl,Black,Interstate Honda,Chehalis,New 2026 Honda Odyssey Elite in Chehalis WA | 5FNRL6H92TB088673 | Interstate Hon,15539,5FNRL6H92TB088673,https://www.interstatehondawa.com/vehicle/New/2026/Honda/Odyssey/5FNRL6H92TB088673/,True,2026-08-02T08:28:27Z,2026-09-01T13:42:46Z,Advertised price,
53190,,Modern Steel Metallic,Black,Klein Honda,Everett,"New Modern Steel Metallic 2026 Honda Odyssey Elite for Sale in Everett, WA | 5FN",51204,5FNRL6H94TB089985,"https://www.kleinhonda.com/viewdetails/new/5fnrl6h94tb089985/2026-honda-odyssey-mini-van,-passenger",True,2026-08-21T15:23:20Z,2026-09-01T13:42:46Z,Advertised price,
,53190,""",""WINDOW_STICKER"":""Window Sticker"",""EV_RANGE_SPEC_DETAILS_VERBIAGE"":""Electric range refers to the n",""",""SEATS_ONLY"":""Seats"",""EV_COMBINED_FUEL_ECONOMY"":""Combined Fuel Economy (kWh) "",""THE_OVERVIEW"":""The",McCurley Honda,Richland,In transit,""",""FUEL_TYPE"":""Fuel Type"",""TRUCK_BED_LENGTH"":""Bed Length"",""EV_QUICKSPECDETAILS_SPEC_SUB_TEXT_VERBIAG",MCCURLEYADVANTAGE,https://www.mccurleyhonda.com/new/Honda/2026-Honda-Odyssey-bb8f2ea0ac185a7cf19ec6410a9e9d39.htm,True,2026-08-02T08:28:27Z,2026-09-01T13:42:46Z,,
53390,,Modern Steel Metallic,Black,Hinshaw's Honda,Auburn,,260963,5FNRL6H93TB090030,https://www.hinshawshonda.com/auto/new-2026-honda-odyssey-elite-near-auburn-wa/123736499/,True,2026-08-02T08:28:27Z,2026-09-01T13:42:46Z,Advertised price,
53390,,,,Honda Auto Center of Bellevue,Bellevue,2026 Honda Odyssey Elite Bellevue WA | Renton Newcastle Issaquah Washington 5FNR,,5FNRL6H99TB089383,https://www.bellevuehonda.com/new-Bellevue-2026-Honda-Odyssey-Elite-5FNRL6H99TB089383,True,2026-08-02T08:28:27Z,2026-09-01T13:42:46Z,Advertised price,
53390,,Crystal Black Pearl,,Honda Auto Center of Bellevue,Bellevue,,269106,,https://www.bellevuehonda.com/new-Bellevue-2026-Honda-Odyssey-Elite-5FNRL6H99TB089383,True,2026-08-02T08:28:27Z,2026-09-01T13:42:46Z,Advertised price,
53390,,Modern Steel Metallic,,Honda of Fife,Fife,In stock,467587,5FNRL6H90TB090292,https://www.hondaoffife.com/auto/new-2026-honda-odyssey-sportl-near-gig-harbor-wa/123572423/,True,2026-08-04T19:26:45Z,2026-09-01T13:42:46Z,Advertised price,
53390,,Modern Steel Metallic,,McCurley Honda,Richland,Available,HT942,5FNRL6H92TB090049,https://www.mccurleyhonda.com/new/Honda/2026-Honda-Odyssey-bb8f2ea0ac185a7cf19ec6410a9e9d39.htm,True,2026-08-02T08:28:27Z,2026-09-01T13:42:46Z,Advertised price,
53555,,Crystal Black Pearl,Black,Klein Honda,Everett,"New Crystal Black Pearl 2026 Honda Odyssey Elite for Sale in Everett, WA | 5FNRL",5FNRL6H94TB089307,5FNRL6H94TB089307,"https://www.kleinhonda.com/viewdetails/new/5fnrl6h94tb089307/2026-honda-odyssey-mini-van,-passenger",True,2026-09-01T13:42:46Z,2026-09-01T13:42:46Z,Advertised price,
53590,,Modern Steel Metallic,Black,Hinshaw's Honda,Auburn,In stock,260970,5FNRL6H98TB090640,https://www.hinshawshonda.com/auto/new-2026-honda-odyssey-elite-near-auburn-wa/123870356/,True,2026-08-05T18:27:41Z,2026-09-01T13:42:46Z,Advertised price,
53645,,Platinum White Pearl,Black,Capitol City Honda,Olympia,"New Platinum White Pearl 2026 Honda Odyssey Elite for Sale in Olympia, WA | 5FNR",N4269,5FNRL6H99TB089044,"https://www.capitolcityhonda.com/viewdetails/new/5fnrl6h99tb089044/2026-honda-odyssey-mini-van,-passenger",True,2026-08-02T08:28:27Z,2026-09-01T13:42:46Z,Advertised price,
53645,,Platinum White Pearl,Black,Capitol City Honda,Olympia,"New Platinum White Pearl 2026 Honda Odyssey Elite for Sale in Olympia, WA | 5FNR",N4227,5FNRL6H90TB084346,"https://www.capitolcityhonda.com/viewdetails/new/5fnrl6h90tb084346/2026-honda-odyssey-mini-van,-passenger",True,2026-08-02T08:28:27Z,2026-09-01T13:42:46Z,Advertised price,
53645,,Platinum White Pearl,Brown,Honda of Burlington,Burlington,"New Platinum White Pearl 2026 Honda Odyssey Elite for Sale in Burlington, WA | 5",12865,5FNRL6H9XTB084693,"https://hondaburlington.com/viewdetails/new/5fnrl6h9xtb084693/2026-honda-odyssey-mini-van,-passenger",True,2026-08-02T08:28:27Z,2026-09-01T13:42:46Z,Advertised price,
53645,,Radiant Red Metallic Ii,Bk,Honda of Burlington,Burlington,"New Radiant Red Metallic Ii 2026 Honda Odyssey Elite for Sale in Burlington, WA ",12853,5FNRL6H93TB059943,"https://hondaburlington.com/viewdetails/new/5fnrl6h93tb059943/2026-honda-odyssey-mini-van,-passenger",True,2026-08-02T08:28:27Z,2026-09-01T13:42:46Z,Advertised price,
53845,,,,Honda Auto Center of Bellevue,Bellevue,2026 Honda Odyssey Elite Bellevue WA | Renton Newcastle Issaquah Washington 5FNR,,5FNRL6H98TB087849,https://www.bellevuehonda.com/new-Bellevue-2026-Honda-Odyssey-Elite-5FNRL6H98TB087849,True,2026-08-02T08:28:27Z,2026-09-01T13:42:46Z,Advertised price,
53845,,Platinum White Pearl,,Honda Auto Center of Bellevue,Bellevue,,269103,,https://www.bellevuehonda.com/new-Bellevue-2026-Honda-Odyssey-Elite-5FNRL6H98TB087849,True,2026-08-02T08:28:27Z,2026-09-01T13:42:46Z,Advertised price,
53845,,,,Honda Auto Center of Bellevue,Bellevue,2026 Honda Odyssey Elite Bellevue WA | Renton Newcastle Issaquah Washington 5FNR,,5FNRL6H99TB091098,https://www.bellevuehonda.com/new-Bellevue-2026-Honda-Odyssey-Elite-5FNRL6H99TB091098,True,2026-08-08T15:11:45Z,2026-09-01T13:42:46Z,Advertised price,
53845,,Platinum White Pearl,,Honda Auto Center of Bellevue,Bellevue,,269108,,https://www.bellevuehonda.com/new-Bellevue-2026-Honda-Odyssey-Elite-5FNRL6H99TB091098,True,2026-08-08T15:11:45Z,2026-09-01T13:42:46Z,Advertised price,
53845,,Platinum White Pea,,McCurley Honda,Richland,Available,HT950,5FNRL6H98TB091464,https://www.mccurleyhonda.com/new/Honda/2026-Honda-Odyssey-dbbf12c3ac185184d8a067b1b42d9b96.htm,True,2026-08-07T16:31:34Z,2026-09-01T13:42:46Z,Advertised price,
53845,,,,Rairdon's Honda of Burien,Burien,In stock,TB087158,5FNRL6H93TB087158,https://www.burienhonda.com/inventory/new-2026-honda-odyssey-elite-2wd-mini-van-passenger-5fnrl6h93tb087158/,True,2026-08-02T16:50:15Z,2026-09-01T13:42:46Z,Advertised price,
53985,,Solar Silver,Black,AutoNation Honda Spokane Valley,Spokane Valley,Available,TB089004,5FNRL6H98TB089004,https://www.autonationhondaspokanevalley.com/new-inventory/index.htm?redirectFromMissingVDP=true&vdpUrl=%2Fnew%2FHonda%2F2026-Honda-Odyssey-94df50f4ac181c46cdfd0dfeb23795c1.htm,True,2026-08-09T15:18:27Z,2026-09-01T13:42:46Z,Advertised price,
54245,54045,"Color: 'Platinum White Pearl',
latitude: userLocation?.userLatitude || '',
listingCode: 'autonationh","Color"":""Gray"",""mileageFromOdometer"":{""@type"":""QuantitativeValue"",""value"":7,""unitCode"":""SMI""},""vehicl",AutoNation Honda Spokane Valley,Spokane Valley,Available,CAEACA;--color-in-stock-dark:#045F04},5FNRL6H96VB003207,https://www.autonationhondaspokanevalley.com/new-inventory/index.htm?redirectFromMissingVDP=true&vdpUrl=%2Fnew%2FHonda%2F2026-Honda-Odyssey-94df50f4ac181c46cdfd0dfeb23795c1.htm,True,2026-08-30T13:30:54Z,2026-09-01T13:42:46Z,Selling Price,Label copied from dealer page
54245,43195,),", flexible seating, advanced connectivity, and Honda engineering, the Odyssey provides a practical s",Honda Auto Center of Bellevue,Bellevue,In stock,VIN:,5FNRL6H9XVB000844,https://www.bellevuehonda.com/new-Bellevue-2027-Honda-Odyssey-Elite-5FNRL6H9XVB000844,True,2026-08-18T15:19:21Z,2026-09-01T13:42:46Z,Our Price,Label copied from dealer page
54245,44290,Platinum White Pearl,360 #interior360-container{height:500px}.vehicle-images--mod .thumbnails .confirmAvailabilitySidebar,Honda Auto Center of Bellevue,Bellevue,In stock,279002,5FNRL6H9XVB003226,https://www.bellevuehonda.com/new-Bellevue-2027-Honda-Odyssey-Elite-5FNRL6H9XVB003226,True,2026-08-28T22:06:54Z,2026-09-01T13:42:46Z,Our Price,Label copied from dealer page
54245,54045,,,Honda of Kirkland,Kirkland,"Compare
New 2027
Honda Odyssey Elite
Stock: 271002
VIN: 5FNRL6H90VB003218
Pricin",271002,5FNRL6H90VB003218,https://www.kirklandhonda.com/inventory/new-2027-honda-odyssey-elite-front-wheel-drive-5dr-5fnrl6h90vb003218/,True,2026-08-28T22:06:54Z,2026-09-01T13:42:46Z,Our Price,Label copied from dealer page
54335,,Modern Steel Metallic,Black,Capitol City Honda,Olympia,"New Modern Steel Metallic 2026 Honda Odyssey Elite for Sale in Olympia, WA | 5FN",N4292,5FNRL6H9XTB090283,"https://www.capitolcityhonda.com/viewdetails/new/5fnrl6h9xtb090283/2026-honda-odyssey-mini-van,-passenger",True,2026-08-07T16:31:34Z,2026-09-01T13:42:46Z,Advertised price,
54340,,,,Honda Auto Center of Bellevue,Bellevue,2026 Honda Odyssey Elite Bellevue WA | Renton Newcastle Issaquah Washington 5FNR,,5FNRL6H90TB090731,https://www.bellevuehonda.com/new-Bellevue-2026-Honda-Odyssey-Elite-5FNRL6H90TB090731,True,2026-08-10T16:32:40Z,2026-09-01T13:42:46Z,Advertised price,
54340,,Modern Steel Metallic,,Honda Auto Center of Bellevue,Bellevue,,269109,,https://www.bellevuehonda.com/new-Bellevue-2026-Honda-Odyssey-Elite-5FNRL6H90TB090731,True,2026-08-10T16:32:40Z,2026-09-01T13:42:46Z,Advertised price,
54735,,Modern Steel Metallic,Black,Hinshaw's Honda,Auburn,In stock,261034,5FNRL6H92TB090732,https://www.hinshawshonda.com/auto/new-2026-honda-odyssey-elite-near-auburn-wa/123874484/,True,2026-08-15T14:14:55Z,2026-09-01T13:42:46Z,Advertised price,
54840,44290,Radiant Red Metallic II,360 #interior360-container{height:500px}.vehicle-images--mod .thumbnails .confirmAvailabilitySidebar,Honda Auto Center of Bellevue,Bellevue,In stock,279003,5FNRL6H92VB004287,https://www.bellevuehonda.com/new-Bellevue-2027-Honda-Odyssey-Elite-5FNRL6H92VB004287,True,2026-09-01T13:42:46Z,2026-09-01T13:42:46Z,Our Price,Label copied from dealer page
54990,,Platinum White Pearl,Black,AutoNation Honda Spokane Valley,Spokane Valley,Available,TB091805,5FNRL6H98TB091805,https://www.autonationhondaspokanevalley.com/new-inventory/index.htm?redirectFromMissingVDP=true&vdpUrl=%2Fnew%2FHonda%2F2026-Honda-Odyssey-94df50f4ac181c46cdfd0dfeb23795c1.htm,True,2026-08-18T15:19:21Z,2026-09-01T13:42:46Z,Advertised price,
54990,,,,Honda Auto Center of Bellevue,Bellevue,2026 Honda Odyssey Elite Bellevue WA | Renton Newcastle Issaquah Washington 5FNR,269110,5FNRL6H95TB091096,https://www.bellevuehonda.com/new-Bellevue-2026-Honda-Odyssey-Elite-5FNRL6H95TB091096,True,2026-08-14T16:22:57Z,2026-09-01T13:42:46Z,Advertised price,
54990,,Platinum White Pearl,,Honda Auto Center of Bellevue,Bellevue,,269110,,https://www.bellevuehonda.com/new-Bellevue-2026-Honda-Odyssey-Elite-5FNRL6H95TB091096,True,2026-08-14T16:22:57Z,2026-09-01T13:42:46Z,Advertised price,
54990,,,,Rairdon's Honda of Burien,Burien,In stock,TB091584,5FNRL6H97TB091584,https://www.burienhonda.com/inventory/new-2026-honda-odyssey-elite-2wd-mini-van-passenger-5fnrl6h97tb091584/,True,2026-08-22T14:13:14Z,2026-09-01T13:42:46Z,Advertised price,
55155,,Platinum White Pearl,Black,Honda of Seattle,Seattle,"New Platinum White Pearl 2026 Honda Odyssey Elite for Sale in Seattle, WA | 5FNR",269083,5FNRL6H95TB091826,"https://www.hondaofseattle.com/viewdetails/new/5fnrl6h95tb091826/2026-honda-odyssey-mini-van,-passenger",True,2026-08-14T16:22:57Z,2026-09-01T13:42:46Z,Advertised price,
,,,,Apple Valley Honda,East Wenatchee,"var enableUnlockOnSpecials = 'false' === 'true';
 var ga4ASCDataLayerVehicle = '",,2HKRS4H29TH493747,https://www.applevalleyhonda.com/specials/vehicle-specials/odyssey,True,2026-08-23T14:13:06Z,2026-09-01T13:42:46Z,,
,,,,Apple Valley Honda,East Wenatchee,"var enableUnlockOnSpecials = 'false' === 'true';
 var ga4ASCDataLayerVehicle = '",,3CZRZ2H32VM739392,https://www.applevalleyhonda.com/specials/vehicle-specials/odyssey,True,2026-08-31T13:35:05Z,2026-09-01T13:42:46Z,,
,,,,Apple Valley Honda,East Wenatchee,"var enableUnlockOnSpecials = 'false' === 'true';
 var ga4ASCDataLayerVehicle = '",,1HGCY1F41TA023180,https://www.applevalleyhonda.com/specials/vehicle-specials/odyssey,True,2026-08-23T14:13:06Z,2026-09-01T13:42:46Z,,
,,,,Apple Valley Honda,East Wenatchee,"var enableUnlockOnSpecials = 'false' === 'true';
 var ga4ASCDataLayerVehicle = '",,7FARS6H50TE169109,https://www.applevalleyhonda.com/specials/vehicle-specials/odyssey,True,2026-08-28T22:06:54Z,2026-09-01T13:42:46Z,,
,,,,Apple Valley Honda,East Wenatchee,"var enableUnlockOnSpecials = 'false' === 'true';
 var ga4ASCDataLayerVehicle = '",,1HGCY2F73TA001178,https://www.applevalleyhonda.com/specials/vehicle-specials/odyssey,True,2026-08-23T14:13:06Z,2026-09-01T13:42:46Z,,
,,,,Apple Valley Honda,East Wenatchee,"var enableUnlockOnSpecials = 'false' === 'true';
 var ga4ASCDataLayerVehicle = '",,5FPYK3F57TB042695,https://www.applevalleyhonda.com/specials/vehicle-specials/odyssey,True,2026-08-23T14:13:06Z,2026-09-01T13:42:46Z,,
,,,,Apple Valley Honda,East Wenatchee,"var enableUnlockOnSpecials = 'false' === 'true';
 var ga4ASCDataLayerVehicle = '",,5FNRL6H6XTB076079,https://www.applevalleyhonda.com/specials/vehicle-specials/odyssey,True,2026-08-23T14:13:06Z,2026-09-01T13:42:46Z,,
,,,,Apple Valley Honda,East Wenatchee,"var enableUnlockOnSpecials = 'false' === 'true';
 var ga4ASCDataLayerVehicle = '",,5FNYF9H3XTB096374,https://www.applevalleyhonda.com/specials/vehicle-specials/odyssey,True,2026-08-28T22:06:54Z,2026-09-01T13:42:46Z,,
,,,,Apple Valley Honda,East Wenatchee,"var enableUnlockOnSpecials = 'false' === 'true';
 var ga4ASCDataLayerVehicle = '",,5FNYG1H65TB062402,https://www.applevalleyhonda.com/specials/vehicle-specials/odyssey,True,2026-08-23T14:13:06Z,2026-09-01T13:42:46Z,,
,,,,Apple Valley Honda,East Wenatchee,"var enableUnlockOnSpecials = 'false' === 'true';
 var ga4ASCDataLayerVehicle = '",,JHMBF1D62TX003262,https://www.applevalleyhonda.com/specials/vehicle-specials/odyssey,True,2026-08-23T14:13:06Z,2026-09-01T13:42:46Z,,
,,,,Apple Valley Honda,East Wenatchee,"var enableUnlockOnSpecials = 'false' === 'true';
 var ga4ASCDataLayerVehicle = '",,3GPKHZRJ5TS505075,https://www.applevalleyhonda.com/specials/vehicle-specials/odyssey,True,2026-08-23T14:13:06Z,2026-09-01T13:42:46Z,,
,,,"Color"":""Gray"",""mileageFromOdometer"":{""@type"":""QuantitativeValue"",""value"":7,""unitCode"":""SMI""},""vehicl",AutoNation Honda Spokane Valley,Spokane Valley,Available,,5FNRL6H63TB084430,https://www.autonationhondaspokanevalley.com/new-inventory/index.htm?redirectFromMissingVDP=true&vdpUrl=%2Fnew%2FHonda%2F2026-Honda-Odyssey-94df50f4ac181c46cdfd0dfeb23795c1.htm,True,2026-08-02T08:28:27Z,2026-09-01T13:42:46Z,,
,,,"Color"":""Gray"",""mileageFromOdometer"":{""@type"":""QuantitativeValue"",""value"":7,""unitCode"":""SMI""},""vehicl",AutoNation Honda Spokane Valley,Spokane Valley,Available,,5FNRL6H65TB090116,https://www.autonationhondaspokanevalley.com/new-inventory/index.htm?redirectFromMissingVDP=true&vdpUrl=%2Fnew%2FHonda%2F2026-Honda-Odyssey-94df50f4ac181c46cdfd0dfeb23795c1.htm,True,2026-08-10T16:32:40Z,2026-09-01T13:42:46Z,,
,,,"Color"":""Gray"",""mileageFromOdometer"":{""@type"":""QuantitativeValue"",""value"":7,""unitCode"":""SMI""},""vehicl",AutoNation Honda Spokane Valley,Spokane Valley,Available,,5FNRL6H84TB078556,https://www.autonationhondaspokanevalley.com/new-inventory/index.htm?redirectFromMissingVDP=true&vdpUrl=%2Fnew%2FHonda%2F2026-Honda-Odyssey-94df50f4ac181c46cdfd0dfeb23795c1.htm,True,2026-08-02T08:28:27Z,2026-09-01T13:42:46Z,,
,,,"Color"":""Gray"",""mileageFromOdometer"":{""@type"":""QuantitativeValue"",""value"":7,""unitCode"":""SMI""},""vehicl",AutoNation Honda Spokane Valley,Spokane Valley,Available,,5FNRL6H81TB086887,https://www.autonationhondaspokanevalley.com/new-inventory/index.htm?redirectFromMissingVDP=true&vdpUrl=%2Fnew%2FHonda%2F2026-Honda-Odyssey-94df50f4ac181c46cdfd0dfeb23795c1.htm,True,2026-08-02T08:28:27Z,2026-09-01T13:42:46Z,,
,,,"Color"":""Gray"",""mileageFromOdometer"":{""@type"":""QuantitativeValue"",""value"":7,""unitCode"":""SMI""},""vehicl",AutoNation Honda Spokane Valley,Spokane Valley,Available,,5FNRL6H84TB079206,https://www.autonationhondaspokanevalley.com/new-inventory/index.htm?redirectFromMissingVDP=true&vdpUrl=%2Fnew%2FHonda%2F2026-Honda-Odyssey-94df50f4ac181c46cdfd0dfeb23795c1.htm,True,2026-08-02T08:28:27Z,2026-09-01T13:42:46Z,,
,,,,Dick Hannah Honda,Vancouver,"New 2026
Honda Odyssey Elite
Stock: H261169
VIN: 5FNRL6H93TB087872",H261169,5FNRL6H93TB087872,https://www.dickhannahhonda.com/inventory/new-2026-honda-odyssey-elite-fwd-4d-passenger-van-5fnrl6h93tb087872/,True,2026-08-02T08:28:27Z,2026-09-01T13:42:46Z,,
,,,,Hinshaw's Honda,Auburn,"Just a moment...
*{box-sizing:border-box;margin:0;padding:0}html{line-height:1.1",,,https://www.hinshawshonda.com/auto/new-2026-honda-odyssey-elite-near-tacoma-wa/123870356/,True,2026-08-05T18:27:41Z,2026-09-01T13:42:46Z,,
,,,,Hinshaw's Honda,Auburn,"(function(){window._cf_chl_opt = {cFPWv: 'b',cH: 'sVNZJ5vv62caXvW8E9sQEhyWP.mnrB",,MNRB6CXV0FPADPWRG,https://www.hinshawshonda.com/auto/new-2026-honda-odyssey-elite-near-tacoma-wa/123874484/,True,2026-09-01T13:42:46Z,2026-09-01T13:42:46Z,,
,,,,Hinshaw's Honda,Auburn,"Just a moment...
*{box-sizing:border-box;margin:0;padding:0}html{line-height:1.1",,,https://www.hinshawshonda.com/auto/new-2026-honda-odyssey-elite-near-seattle-wa/123736499/,True,2026-08-02T16:50:15Z,2026-09-01T13:42:46Z,,
,,,,Hinshaw's Honda,Auburn,"Just a moment...
*{box-sizing:border-box;margin:0;padding:0}html{line-height:1.1",,,https://www.hinshawshonda.com/auto/new-2026-honda-odyssey-elite-near-seattle-wa/123870356/,True,2026-08-16T14:14:43Z,2026-09-01T13:42:46Z,,
,,,,Hinshaw's Honda,Auburn,"Just a moment...
*{box-sizing:border-box;margin:0;padding:0}html{line-height:1.1",,,https://www.hinshawshonda.com/auto/new-2026-honda-odyssey-elite-near-seattle-wa/123874484/,True,2026-08-16T14:14:43Z,2026-09-01T13:42:46Z,,
,,,,Hinshaw's Honda,Auburn,"Just a moment...
*{box-sizing:border-box;margin:0;padding:0}html{line-height:1.1",,,https://www.hinshawshonda.com/auto/new-2026-honda-odyssey-elite-near-renton-wa/123736499/,True,2026-08-18T15:19:21Z,2026-09-01T13:42:46Z,,
,,,,Hinshaw's Honda,Auburn,"Just a moment...
*{box-sizing:border-box;margin:0;padding:0}html{line-height:1.1",,,https://www.hinshawshonda.com/auto/new-2026-honda-odyssey-elite-near-renton-wa/123870356/,True,2026-08-18T15:19:21Z,2026-09-01T13:42:46Z,,
,,,,Honda Auto Center of Bellevue,Bellevue,"!function(b,d){function e(){var a=""script"",f=d.getElementsByTagName(a)[0];a=d.cr",,5FNRL6H96TB053618,https://www.bellevuehonda.com/new-Bellevue-2026-Honda-Odyssey-Elite-5FNRL6H96TB053618,True,2026-08-02T08:28:27Z,2026-09-01T13:42:46Z,,
,,,,Honda Auto Center of Bellevue,Bellevue,"!function(b,d){function e(){var a=""script"",f=d.getElementsByTagName(a)[0];a=d.cr",,5FNRL6H97TB046080,https://www.bellevuehonda.com/new-Bellevue-2026-Honda-Odyssey-Elite-5FNRL6H97TB046080,True,2026-08-02T08:28:27Z,2026-09-01T13:42:46Z,,
,,,,Honda Auto Center of Bellevue,Bellevue,"!function(b,d){function e(){var a=""script"",f=d.getElementsByTagName(a)[0];a=d.cr",,5FNRL6H94TB036199,https://www.bellevuehonda.com/new-Bellevue-2026-Honda-Odyssey-Elite-5FNRL6H94TB036199,True,2026-08-02T08:28:27Z,2026-09-01T13:42:46Z,,
,,"design blends modern aesthetics with practical features. Its redesigned grille, updated bumpers, and",", this model continues to set the standard for family vehicles. When it comes to running errands aro",Honda Auto Center of Bellevue,Bellevue,In stock,,,https://www.bellevuehonda.com/blog/2026-honda-odyssey-bellevue-wa,True,2026-08-14T16:22:57Z,2026-09-01T13:42:46Z,,
,,,,Honda Auto Center of Bellevue,Bellevue,In stock,VIN:,5FNRL6H61TB005420,https://www.bellevuehonda.com/searchnew.aspx?make=Honda&model=Odyssey,True,2026-08-30T13:30:54Z,2026-09-01T13:42:46Z,,
,,,,Honda of Bellingham,Bellingham,"Compare
New 2026
Honda Odyssey Elite
Stock: H6859
VIN: 5FNRL6H92TB089693",H6859,5FNRL6H92TB089693,https://www.hondaofbellingham.com/inventory/new-2026-honda-odyssey-elite-fwd-mini-van-passenger-5fnrl6h92tb089693/,True,2026-08-28T22:06:54Z,2026-09-01T13:42:46Z,,
,,,,Honda of Bellingham,Bellingham,"Compare
New 2026
Honda Odyssey Elite
Stock: H6832
VIN: 5FNRL6H91TB091502",H6832,5FNRL6H91TB091502,https://www.hondaofbellingham.com/inventory/new-2026-honda-odyssey-elite-fwd-mini-van-passenger-5fnrl6h91tb091502/,True,2026-08-19T15:22:15Z,2026-09-01T13:42:46Z,,
,,,"Colors"":null,""IsCertified"":false,""VehicleTypes"":null,""Transmissions"":null,""FuelTypes"":null,""DriveTra",Honda of Burlington,Burlington,In stock,,5FNRL6H66TB086575,https://hondaburlington.com/honda-odyssey-lease-deals-burlington-wa,True,2026-08-02T08:28:27Z,2026-09-01T13:42:46Z,,
,,,"Colors"":null,""IsCertified"":false,""VehicleTypes"":null,""Transmissions"":null,""FuelTypes"":null,""DriveTra",Honda of Burlington,Burlington,In stock,,5FNRL6H70TB082062,https://hondaburlington.com/honda-odyssey-lease-deals-burlington-wa,True,2026-08-02T08:28:27Z,2026-09-01T13:42:46Z,,
,,,"Colors"":null,""IsCertified"":false,""VehicleTypes"":null,""Transmissions"":null,""FuelTypes"":null,""DriveTra",Honda of Burlington,Burlington,In stock,,5FNRL6H7XTB082795,https://hondaburlington.com/honda-odyssey-lease-deals-burlington-wa,True,2026-08-02T08:28:27Z,2026-09-01T13:42:46Z,,
,,,"Colors"":null,""IsCertified"":false,""VehicleTypes"":null,""Transmissions"":null,""FuelTypes"":null,""DriveTra",Honda of Burlington,Burlington,In stock,,5FNRL6H79TB089253,https://hondaburlington.com/honda-odyssey-lease-deals-burlington-wa,True,2026-08-02T08:28:27Z,2026-09-01T13:42:46Z,,
,,,"Colors"":null,""IsCertified"":false,""VehicleTypes"":null,""Transmissions"":null,""FuelTypes"":null,""DriveTra",Honda of Burlington,Burlington,In stock,,5FNRL6H98VB002706,https://hondaburlington.com/honda-odyssey-lease-deals-burlington-wa,True,2026-08-23T14:13:06Z,2026-09-01T13:42:46Z,,
,,,"Colors"":null,""IsCertified"":false,""VehicleTypes"":null,""Transmissions"":null,""FuelTypes"":null,""DriveTra",Honda of Burlington,Burlington,In stock,,5FNRL6H65VB003625,https://hondaburlington.com/honda-odyssey-lease-deals-burlington-wa,True,2026-08-28T22:06:54Z,2026-09-01T13:42:46Z,,
,,,,Honda of Fife,Fife,"{""@context"":""https:\/\/schema.org"",""@graph"":[{""@type"":""AutoDealer"",""url"":""https:",,SEARCHRESULTSPAGE,https://www.hondaoffife.com/auto/new-2026-honda-odyssey-elite-near-puyallup-wa/123817787/,True,2026-08-02T08:28:27Z,2026-09-01T13:42:46Z,,
,,,"Colors"":null,""IsCertified"":false,""VehicleTypes"":null,""Transmissions"":null,""FuelTypes"":null,""DriveTra",Honda of Seattle,Seattle,In stock,,5FNRL6H66TB079710,https://www.hondaofseattle.com/honda-odyssey-lease-deals-seattle-wa,True,2026-08-02T08:28:27Z,2026-09-01T13:42:46Z,,
,,,"Colors"":null,""IsCertified"":false,""VehicleTypes"":null,""Transmissions"":null,""FuelTypes"":null,""DriveTra",Honda of Seattle,Seattle,In stock,,5FNRL6H65TB084879,https://www.hondaofseattle.com/honda-odyssey-lease-deals-seattle-wa,True,2026-08-02T08:28:27Z,2026-09-01T13:42:46Z,,
,,,"Colors"":null,""IsCertified"":false,""VehicleTypes"":null,""Transmissions"":null,""FuelTypes"":null,""DriveTra",Honda of Seattle,Seattle,In stock,,5FNRL6H64TB090155,https://www.hondaofseattle.com/honda-odyssey-lease-deals-seattle-wa,True,2026-08-04T19:26:45Z,2026-09-01T13:42:46Z,,
,,,"Colors"":null,""IsCertified"":false,""VehicleTypes"":null,""Transmissions"":null,""FuelTypes"":null,""DriveTra",Honda of Seattle,Seattle,In stock,,5FNRL6H73TB081729,https://www.hondaofseattle.com/honda-odyssey-lease-deals-seattle-wa,True,2026-08-20T15:22:32Z,2026-09-01T13:42:46Z,,
,,,"Colors"":null,""IsCertified"":false,""VehicleTypes"":null,""Transmissions"":null,""FuelTypes"":null,""DriveTra",Honda of Seattle,Seattle,In stock,,5FNRL6H63VB001159,https://www.hondaofseattle.com/honda-odyssey-lease-deals-seattle-wa,True,2026-08-18T15:19:21Z,2026-09-01T13:42:46Z,,
,,Interior,Technology,Interstate Honda,Chehalis,Available,,,https://www.interstatehondawa.com/research/odyssey/,True,2026-08-02T08:28:27Z,2026-09-01T13:42:46Z,,
,,"Color='Crystal Black Pearl';
 var vdpVehicleInteriorColor='Black';
 var vdpVehicleHighwayMPG='28';
 ","PhotoURLs = '';
 var isSetRegion = '' === 'set';
 var enableWindowStickerOnPaymentPanelbyVehicle ='t",Klein Honda,Everett,Reserved,,ENABLETRUPAYMENTS,"https://www.kleinhonda.com/viewdetails/new/5fnrl6h94tb089307/2026-honda-odyssey-mini-van,-passenger",True,2026-08-02T08:28:27Z,2026-09-01T13:42:46Z,,
,,"Color='Crystal Black Pearl';
 var vdpVehicleInteriorColor='Black';
 var vdpVehicleHighwayMPG='28';
 ","PhotoURLs = '';
 var isSetRegion = '' === 'set';
 var enableWindowStickerOnPaymentPanelbyVehicle ='t",Klein Honda,Everett,Reserved,,A2ZSYNCDRCTALABEL,"https://www.kleinhonda.com/viewdetails/new/5fnrl6h94tb089307/2026-honda-odyssey-mini-van,-passenger",True,2026-08-02T08:28:27Z,2026-09-01T13:42:46Z,,
,,Crystal Black Pearl,Black,Klein Honda,Everett,"2026 Honda
 Odyssey Elite Front Wheel Drive Automatic
Exterior :
Crystal Black P",5FNRL6H94TB089307,DEALERFULLADDRESS,"https://www.kleinhonda.com/viewdetails/new/5fnrl6h94tb089307/2026-honda-odyssey-mini-van,-passenger",True,2026-08-02T08:28:27Z,2026-09-01T13:42:46Z,,
,,,"Colors"":null,""IsCertified"":false,""VehicleTypes"":null,""Transmissions"":null,""FuelTypes"":null,""DriveTra",Klein Honda,Everett,In stock,,5FNRL6H69TB078714,https://www.kleinhonda.com/inventory/new/honda/odyssey,True,2026-08-19T15:22:15Z,2026-09-01T13:42:46Z,,
,,,"Colors"":null,""IsCertified"":false,""VehicleTypes"":null,""Transmissions"":null,""FuelTypes"":null,""DriveTra",Klein Honda,Everett,In stock,,5FNRL6H66TB084437,https://www.kleinhonda.com/inventory/new/honda/odyssey,True,2026-08-19T15:22:15Z,2026-09-01T13:42:46Z,,
,,,"Colors"":null,""IsCertified"":false,""VehicleTypes"":null,""Transmissions"":null,""FuelTypes"":null,""DriveTra",Klein Honda,Everett,In stock,,5FNRL6H7XTB083848,https://www.kleinhonda.com/inventory/new/honda/odyssey,True,2026-08-19T15:22:15Z,2026-09-01T13:42:46Z,,
,,,"Colors"":null,""IsCertified"":false,""VehicleTypes"":null,""Transmissions"":null,""FuelTypes"":null,""DriveTra",Klein Honda,Everett,In stock,,5FNRL6H71TB085357,https://www.kleinhonda.com/inventory/new/honda/odyssey,True,2026-08-19T15:22:15Z,2026-09-01T13:42:46Z,,
,,,"Colors"":null,""IsCertified"":false,""VehicleTypes"":null,""Transmissions"":null,""FuelTypes"":null,""DriveTra",Klein Honda,Everett,In stock,,5FNRL6H67TB089162,https://www.kleinhonda.com/inventory/new/honda/odyssey,True,2026-08-19T15:22:15Z,2026-09-01T13:42:46Z,,
,,,,McCurley Honda,Richland,Available,,5FNRL6H85TB086472,https://www.mccurleyhonda.com/new-inventory/index.htm?make=Honda&model=Odyssey&gvBodyStyle=Van,True,2026-08-02T08:28:27Z,2026-09-01T13:42:46Z,,
,,,,McCurley Honda,Richland,Available,,5FNRL6H87VB001313,https://www.mccurleyhonda.com/new-inventory/index.htm?make=Honda&model=Odyssey&gvBodyStyle=Van,True,2026-08-25T15:47:10Z,2026-09-01T13:42:46Z,,
,,,,Rairdon's Honda of Burien,Burien,In stock,,5FNRL6H62TB079400,https://www.burienhonda.com/new-vehicles/odyssey/,True,2026-08-02T16:50:15Z,2026-09-01T13:42:46Z,,
,,,,Rairdon's Honda of Burien,Burien,In stock,,5FNRL6H64TB068558,https://www.burienhonda.com/new-vehicles/odyssey/,True,2026-08-08T15:11:45Z,2026-09-01T13:42:46Z,,
,,,"Inside, you'll find generous seating for up to eight people and numerous creature comforts. The base",Stirling Honda,Longview,Available,,,https://www.stirlinghonda.com/blog/the-ultimate-minivan-experience-the-2025-honda-odyssey,True,2026-08-24T15:39:51Z,2026-09-01T13:42:46Z,,
,,,,Underriner Honda of Walla Walla,College Place,"Compare
New 2026
Honda Odyssey Elite FWD
Stock: WTB091409
VIN: 5FNRL6H90TB091409",WTB091409,5FNRL6H90TB091409,https://www.underrinerhondaofwallawalla.com/inventory/2026-honda-odyssey-elite-fwd-4d-passenger-van-5fnrl6h90tb091409/,True,2026-08-31T13:35:05Z,2026-09-01T13:42:46Z,,
,,"Color"",
 ""vehicle_engine"": ""engine"",
 ""vehicle_type"": ""status"",
 ""vehicle_engine_fuel"": ""fuelType"",
","Color"",
 ""vehicle_color_ext"": ""exteriorColor"",
 ""vehicle_engine"": ""engine"",
 ""vehicle_type"": ""status",Wilder Honda,Port Angeles,In transit,"stock,
 vehicle_id: vehicle_id
 };

 iSpy.sendClickpathData(""Click to Call"", post_data);
 });

 clic",5FNRL6H69TB086621,https://www.wilderhonda.com/auto/new-2026-honda-odyssey-exl-port-angeles-wa/123557522/,True,2026-08-02T08:28:27Z,2026-09-01T13:42:46Z,,
,10000,Blue Lagoon Pearl,"_color"",""int_color_generic"":""interior_color_generic"",""body"":""body_type"",""bodytype"":""generic_body_typ",Rairdon's Honda of Burien,Burien,In transit,"String(v.stock || """").trim() || undefined,
 year: Number.isFinite(year) ? year : undefined,
 make,
 ",2HGFE2F27TH610205,https://www.burienhonda.com/new-vehicles/,False,2026-08-02T16:50:15Z,2026-08-14T16:22:57Z,,Label copied from dealer page
,10000,Urban Gray Pearl,lets you get a feel what its the vehicle is like from anywhere. Lets not forget to mention that,Rairdon's Honda of Marysville,Marysville,In transit,"String(v.stock || """").trim() || undefined,
 year: Number.isFinite(year) ? year : undefined,
 make,
 ",19XFL2H82TE030328,https://www.hondaofmarysville.com/new-vehicles/,False,2026-08-19T15:22:15Z,2026-08-21T15:23:20Z,,Label copied from dealer page
,10000,Boost Blue Pearl,lets you get a feel what its the vehicle is like from anywhere. Lets not forget to mention that,Rairdon's Honda of Marysville,Marysville,In transit,"String(v.stock || """").trim() || undefined,
 year: Number.isFinite(year) ? year : undefined,
 make,
 ",19XFL2H87TE027795,https://www.hondaofmarysville.com/new-vehicles/,False,2026-08-31T13:35:05Z,2026-08-31T13:35:05Z,,Label copied from dealer page
,10000,Blue Lagoon Pearl,lets you get a feel what its the vehicle is like from anywhere. Lets not forget to mention that,Rairdon's Honda of Marysville,Marysville,In transit,"String(v.stock || """").trim() || undefined,
 year: Number.isFinite(year) ? year : undefined,
 make,
 ",2HGFE2F58TH620252,https://www.hondaofmarysville.com/new-vehicles/,False,2026-08-22T14:13:14Z,2026-08-29T13:33:53Z,,Label copied from dealer page
,10000,Urban Gray Pearl,lets you get a feel what its the vehicle is like from anywhere. Lets not forget to mention that,Rairdon's Honda of Marysville,Marysville,In transit,"String(v.stock || """").trim() || undefined,
 year: Number.isFinite(year) ? year : undefined,
 make,
 ",2HGFE2F59TH609843,https://www.hondaofmarysville.com/new-vehicles/,False,2026-08-02T08:28:27Z,2026-08-18T15:19:21Z,,Label copied from dealer page
,10000,Styling,Styling,Rairdon's Honda of Marysville,Marysville,In stock,,,https://www.hondaofmarysville.com/2026-odyssey/,False,2026-08-02T08:28:27Z,2026-08-31T13:35:05Z,,
,10000,Meteorite Gray Metallic,Black,Rairdon's Honda of Sumner,Sumner,In transit,"String(v.stock || """").trim() || undefined,
 year: Number.isFinite(year) ? year : undefined,
 make,
 ",19XFL2H85TE030288,https://www.hondaofsumner.com/new-vehicles/,False,2026-08-02T08:28:27Z,2026-08-09T15:18:27Z,,Label copied from dealer page
,10000,Platinum White Pearl,Black,Rairdon's Honda of Sumner,Sumner,In transit,"String(v.stock || """").trim() || undefined,
 year: Number.isFinite(year) ? year : undefined,
 make,
 ",1HGCY1F22TA042805,https://www.hondaofsumner.com/new-vehicles/,False,2026-08-10T16:32:40Z,2026-08-16T14:14:43Z,,Label copied from dealer page
,10000,Platinum White Pearl,Gray,Rairdon's Honda of Sumner,Sumner,In transit,"String(v.stock || """").trim() || undefined,
 year: Number.isFinite(year) ? year : undefined,
 make,
 ",1HGCY1F24TA051070,https://www.hondaofsumner.com/new-vehicles/,False,2026-08-14T16:22:57Z,2026-08-21T15:23:20Z,,Label copied from dealer page
,10000,Platinum White Pearl,Black,Rairdon's Honda of Sumner,Sumner,In transit,"String(v.stock || """").trim() || undefined,
 year: Number.isFinite(year) ? year : undefined,
 make,
 ",2HGFE2F26TH619932,https://www.hondaofsumner.com/new-vehicles/,False,2026-08-25T15:47:10Z,2026-08-29T13:33:53Z,,Label copied from dealer page
,10000,Crystal Black Pearl,Black,Rairdon's Honda of Sumner,Sumner,In transit,"String(v.stock || """").trim() || undefined,
 year: Number.isFinite(year) ? year : undefined,
 make,
 ",2HGFE2F52TH619145,https://www.hondaofsumner.com/new-vehicles/,False,2026-08-31T13:35:05Z,2026-08-31T13:35:05Z,,Label copied from dealer page
,10000,Silver Metallic,Gray,Rairdon's Honda of Sumner,Sumner,In transit,"String(v.stock || """").trim() || undefined,
 year: Number.isFinite(year) ? year : undefined,
 make,
 ",5FNRL6H63TB067658,https://www.hondaofsumner.com/new-vehicles/odyssey/,False,2026-08-20T15:22:32Z,2026-08-20T15:22:32Z,,Label copied from dealer page
,10000,Modern Steel,Bk,Rairdon's Honda of Sumner,Sumner,In transit,"String(v.stock || """").trim() || undefined,
 year: Number.isFinite(year) ? year : undefined,
 make,
 ",5FNRL6H69TB083394,https://www.hondaofsumner.com/new-vehicles/odyssey/,False,2026-08-02T16:50:15Z,2026-08-29T13:33:53Z,,Label copied from dealer page
,10000,"_color_generic"",""ext_color"":""exterior_color"",""int_color"":""interior_color"",""int_color_generic"":""inter","_color"",""int_color_generic"":""interior_color_generic"",""body"":""body_type"",""bodytype"":""generic_body_typ",South Tacoma Honda,Tacoma,In transit,H22723,19XFL2H88TE027076,https://www.southtacomahonda.com/new-vehicles/,False,2026-08-02T08:28:27Z,2026-08-29T13:33:53Z,,Label copied from dealer page
,10000,"_color_generic"",""ext_color"":""exterior_color"",""int_color"":""interior_color"",""int_color_generic"":""inter","_color"",""int_color_generic"":""interior_color_generic"",""body"":""body_type"",""bodytype"":""generic_body_typ",South Tacoma Honda,Tacoma,In transit,H22908,1HGCY1F20TA047923,https://www.southtacomahonda.com/new-vehicles/,False,2026-08-31T13:35:05Z,2026-08-31T13:35:05Z,,Label copied from dealer page
,15444,"Color asc"",
""label"":""Color: A to Z"",
},
{
""value"":""normalExteriorColor desc"",
""label"":""Color: Z to A","Color"":""Gray"",""mileageFromOdometer"":{""@type"":""QuantitativeValue"",""value"":11,""unitCode"":""SMI""},""vehic",Findlay Honda Spokane,Spokane,In transit,CAEACA;--color-in-stock-dark:#045F04},5FNRL6H62TB078439,https://www.findlayhondaspokane.com/new-honda-odyssey.htm,False,2026-08-12T16:31:23Z,2026-08-17T14:29:12Z,,
,15444,"Color asc"",
""label"":""Color: A to Z"",
},
{
""value"":""normalExteriorColor desc"",
""label"":""Color: Z to A","Color"":""Black"",""mileageFromOdometer"":{""@type"":""QuantitativeValue"",""value"":40,""unitCode"":""SMI""},""vehi",Findlay Honda Spokane,Spokane,In transit,CAEACA;--color-in-stock-dark:#045F04},5FNRL6H66TB078962,https://www.findlayhondaspokane.com/new-honda-odyssey.htm,False,2026-08-15T14:14:55Z,2026-08-15T14:14:55Z,,
,15444,"Color: 'Smoke Blue Pearl',
latitude: userLocation?.userLatitude || '',
listingCode: 'westhillshonda'","Color"":""Gray"",""vehicleTransmission"":""10-Speed Automatic"",""driveWheelConfiguration"":""FWD"",""vehicleEng",West Hills Honda,Bremerton,Available,CAEACA;--color-in-stock-dark:#045F04},5FNRL6H62TB089764,https://www.westhillshonda.com/new/Honda/2026-Honda-Odyssey-c97896f5ac18370f5090dcb0aab5dfb3.htm?autoOpen=true&dsLoad=true&route=paymentOptions,False,2026-08-04T19:26:45Z,2026-08-17T14:29:12Z,,Label copied from dealer page
29101,27890,,,Stirling Honda,Longview,In transit,26-1218,1HGCY1F26TA007488,https://www.stirlinghonda.com/searchnew.aspx,False,2026-08-02T08:28:27Z,2026-08-11T16:31:39Z,Internet Price,Label copied from dealer page
,37840,"Color asc"",
""label"":""Color: A to Z"",
},
{
""value"":""normalExteriorColor desc"",
""label"":""Color: Z to A","Color,interiorColorCode,internetComments,internetPrice,inventoryDate,invoicePrice,isElectric_att_b,k",West Hills Honda,Bremerton,In transit,CAEACA;--color-in-stock-dark:#045F04},DECSTFANAA26LJEWF,https://www.westhillshonda.com/2024-honda-odyssey-bremerton-wa.htm,False,2026-08-19T15:22:15Z,2026-08-19T15:22:15Z,,
,42220,),Versatility is the name of the game in the Odyssey’s interior. Honda prioritizes both comfort and fu,Stirling Honda,Longview,Available,VIN:,5FNRL6H6XTB049321,https://www.stirlinghonda.com/2026-honda-odyssey-for-sale-longview-wa,False,2026-08-02T08:28:27Z,2026-08-29T13:33:53Z,,
46045,45845,,,Honda Auto Center of Bellevue,Bellevue,In stock,269089,5FNRL6H70TB075984,https://www.bellevuehonda.com/searchnew.aspx?make=Honda&model=Odyssey,False,2026-08-16T14:14:43Z,2026-08-29T13:33:53Z,Sale Price,Label copied from dealer page
48990,48990,"Color: 'Modern Steel Metallic',
latitude: userLocation?.userLatitude || '',
listingCode: 'westhillsh","Color"":""Gray"",""vehicleTransmission"":""10-Speed Automatic"",""driveWheelConfiguration"":""FWD"",""vehicleEng",West Hills Honda,Bremerton,Available,CAEACA;--color-in-stock-dark:#045F04},5FNRL6H88TB082500,https://www.westhillshonda.com/new/Honda/2026-Honda-Odyssey-4f20c5e2ac183b168f093f168a541a9e.htm?autoOpen=true&dsLoad=true&route=paymentOptions,False,2026-08-02T08:28:27Z,2026-08-05T18:27:41Z,Price,Label copied from dealer page
49401,,Modern Steel Metallic,Gray,West Hills Honda,Bremerton,Available,HD10621,5FNRL6H97TB085039,https://www.westhillshonda.com/new/Honda/2026-Honda-Odyssey-83ec591eac185005b9496b4139e18fc0.htm?autoOpen=true&dsLoad=true&route=paymentOptions,False,2026-08-02T08:28:27Z,2026-08-17T14:29:12Z,Advertised price,
49626,,Modern Steel,Gray,AutoNation Honda Spokane Valley,Spokane Valley,Available,TB085053,5FNRL6H91TB085053,https://www.autonationhondaspokanevalley.com/new/Honda/2026-Honda-Odyssey-94df50f4ac181c46cdfd0dfeb23795c1.htm,False,2026-08-02T08:28:27Z,2026-08-31T13:35:05Z,Advertised price,
50217,,Platinum White Pearl,Black,West Hills Honda,Bremerton,Available,HD10587,5FNRL6H95TB080678,https://www.westhillshonda.com/new/Honda/2026-Honda-Odyssey-29ccd943ac1818e15e383b4736fcf2fb.htm?autoOpen=true&dsLoad=true&route=paymentOptions,False,2026-08-02T08:28:27Z,2026-08-03T19:26:08Z,Advertised price,
53390,,Modern Steel Metallic,Gray,Findlay Honda Spokane,Spokane,Available,260651,5FNRL6H9XTB069370,https://www.findlayhondaspokane.com/new/Honda/2026-Honda-Odyssey-0daff4e9ac1855bad8093b9d3eed3b1b.htm,False,2026-08-02T08:28:27Z,2026-08-04T19:26:45Z,Advertised price,
53390,,,,Honda Auto Center of Bellevue,Bellevue,2026 Honda Odyssey Elite Bellevue WA | Renton Newcastle Issaquah Washington 5FNR,,5FNRL6H90TB089398,https://www.bellevuehonda.com/new-Bellevue-2026-Honda-Odyssey-Elite-5FNRL6H90TB089398,False,2026-08-02T08:28:27Z,2026-08-14T16:22:57Z,Advertised price,
53390,,,,Honda Auto Center of Bellevue,Bellevue,"2026
Honda Odyssey
Elite
Special Offer
VIN:
5FNRL6H98TB089701
Stock:
269107
Mode",269107,5FNRL6H98TB089701,https://www.bellevuehonda.com/new-Bellevue-2026-Honda-Odyssey-Elite-5FNRL6H98TB089701,False,2026-08-02T08:28:27Z,2026-08-20T15:22:32Z,Advertised price,
53390,,Crystal Black Pearl,,Honda Auto Center of Bellevue,Bellevue,,269105,,https://www.bellevuehonda.com/new-Bellevue-2026-Honda-Odyssey-Elite-5FNRL6H90TB089398,False,2026-08-02T08:28:27Z,2026-08-14T16:22:57Z,Advertised price,
53390,,Solar Silver Metallic,,Honda Auto Center of Bellevue,Bellevue,,269107,,https://www.bellevuehonda.com/new-Bellevue-2026-Honda-Odyssey-Elite-5FNRL6H98TB089701,False,2026-08-02T08:28:27Z,2026-08-20T15:22:32Z,Advertised price,
53390,,Smoke Blue Pearl,Gray,Honda of Fife,Fife,In stock,467531,5FNRL6H95TB062200,https://www.hondaoffife.com/auto/new-2026-honda-odyssey-sportl-near-puyallup-wa/123572423/,False,2026-08-02T08:28:27Z,2026-08-15T14:14:55Z,Advertised price,
53390,,Solar Silver Metallic,"Color"":""Black"",""mileageFromOdometer"":{""@type"":""QuantitativeValue"",""value"":12,""unitCode"":""SMI""},""vehi",McCurley Honda,Richland,Available,HT595,5FNRL6H97TB053630,https://www.mccurleyhonda.com/new/Honda/2026-Honda-Odyssey-fb511c1eac1837f53f8606c6f831673a.htm,False,2026-08-02T08:28:27Z,2026-08-17T14:29:12Z,Advertised price,
55355,,,,Rairdon's Honda of Marysville,Marysville,In stock,TB091838,5FNRL6H91TB091838,https://www.hondaofmarysville.com/inventory/new-2026-honda-odyssey-elite-2wd-mini-van-passenger-5fnrl6h91tb091838/,False,2026-08-15T14:14:55Z,2026-08-31T13:35:05Z,Advertised price,
,,,"Color"":""Gray"",""mileageFromOdometer"":{""@type"":""QuantitativeValue"",""value"":400,""unitCode"":""SMI""},""vehi",Findlay Honda Spokane,Spokane,Available,,5FNRL6H85TB077271,https://www.findlayhondaspokane.com/new-inventory/index.htm?search=&gvModel=Odyssey&gvBodyStyle=Van,False,2026-08-02T08:28:27Z,2026-08-03T19:26:08Z,,
,,"Color"",
 ""vehicle_engine"": ""engine"",
 ""vehicle_type"": ""status"",
 ""vehicle_engine_fuel"": ""fuelType"",
","Color"",
 ""vehicle_color_ext"": ""exteriorColor"",
 ""vehicle_engine"": ""engine"",
 ""vehicle_type"": ""status",Harvest Honda,Yakima,Available,,HANDLECARSAVERCTA,https://www.harvesthondawa.com/2026-honda-odyssey-for-sale/,False,2026-08-02T08:28:27Z,2026-08-18T15:19:21Z,,
,,,,Hinshaw's Honda,Auburn,"(function(){window._cf_chl_opt = {cFPWv: 'b',cH: '7mgS7gqZafyzD9nMxP5.VuHBCOTq7P",,2TM9PLWM2ZFZVJAPM,https://www.hinshawshonda.com/auto/new-2026-honda-odyssey-elite-near-tacoma-wa/123874484/,False,2026-08-10T16:32:40Z,2026-08-10T16:32:40Z,,
,,,,Hinshaw's Honda,Auburn,"(function(){window._cf_chl_opt = {cFPWv: 'b',cH: 'mtdhcXRULLrvEe507HKcWnM_c96Dv_",,8FYSBLGR1WA8R7FGL,https://www.hinshawshonda.com/auto/new-2026-honda-odyssey-elite-near-seattle-wa/123874484/,False,2026-08-30T13:30:54Z,2026-08-30T13:30:54Z,,
,,,,Hinshaw's Honda,Auburn,"(function(){window._cf_chl_opt = {cFPWv: 'g',cH: '9AO6FVFMo15v_cNUebWmr0ravu1RgD",,9JLXVPWBKGPS55KPC,https://www.hinshawshonda.com/auto/new-2026-honda-odyssey-elite-near-renton-wa/123874484/,False,2026-08-18T15:19:21Z,2026-08-18T15:19:21Z,,
,,,,Hinshaw's Honda,Auburn,"(function(){window._cf_chl_opt = {cFPWv: 'b',cH: 'LTohpxIz0xpEo9i4GbPShRvDxasAgc",,CRKDZDWJVV44FTDJU,https://www.hinshawshonda.com/auto/new-2026-honda-odyssey-elite-near-tacoma-wa/123870356/,False,2026-08-26T16:54:00Z,2026-08-26T16:54:00Z,,
,,,,Hinshaw's Honda,Auburn,"(function(){window._cf_chl_opt = {cFPWv: 'g',cH: 'fe1zYx_acQ2mGWmDTov4XH7HZDj6Nh",,FVDKAUNMGFUXRPSUC,https://www.hinshawshonda.com/auto/new-2026-honda-odyssey-elite-near-seattle-wa/123870356/,False,2026-08-19T15:22:15Z,2026-08-19T15:22:15Z,,
,,,,Hinshaw's Honda,Auburn,"(function(){window._cf_chl_opt = {cFPWv: 'b',cH: 'WmYoOhVqwA67xI3lv8h5j6SzO37ird",,FWCDAMWYNGNJDZZ64,https://www.hinshawshonda.com/auto/new-2026-honda-odyssey-elite-near-seattle-wa/123874484/,False,2026-08-24T15:39:51Z,2026-08-24T15:39:51Z,,
,,,,Hinshaw's Honda,Auburn,"(function(){window._cf_chl_opt = {cFPWv: 'g',cH: 'FvafkAN.YcKyiCCRbuB2fQ53wL48qp",,HBTCZAHLVRZDEVWAE,https://www.hinshawshonda.com/auto/new-2026-honda-odyssey-elite-near-seattle-wa/123870356/,False,2026-08-20T15:22:32Z,2026-08-20T15:22:32Z,,
,,,,Hinshaw's Honda,Auburn,"(function(){window._cf_chl_opt = {cFPWv: 'g',cH: 'oXzPOkrVQP.idUvwcqKw2bVtKWRsLG",,HDRJCHE7UERFZTWSU,http://www.hinshawshonda.com/auto/new-2026-honda-odyssey-elite-near-tacoma-wa/123874484/,False,2026-08-17T14:29:12Z,2026-08-17T14:29:12Z,,
,,,,Hinshaw's Honda,Auburn,"(function(){window._cf_chl_opt = {cFPWv: 'g',cH: 'FvafkAN.YcKyiCCRbuB2fQ53wL48qp",,KWTZP7WSK2ZRFNLR1,https://www.hinshawshonda.com/auto/new-2026-honda-odyssey-elite-near-seattle-wa/123870356/,False,2026-08-20T15:22:32Z,2026-08-20T15:22:32Z,,
,,,,Hinshaw's Honda,Auburn,"(function(){window._cf_chl_opt = {cFPWv: 'g',cH: '_LPdV18BwYuDg3TxBWxUs57kGvhJ_F",,RWVV6JAZCHDDFAH5Z,https://www.hinshawshonda.com/auto/new-2026-honda-odyssey-elite-near-seattle-wa/123736499/,False,2026-08-16T14:14:43Z,2026-08-16T14:14:43Z,,
,,,,Hinshaw's Honda,Auburn,"(function(){window._cf_chl_opt = {cFPWv: 'g',cH: 'BsAxRb4IiIxEgNSWVV2XZw2ohB3nTU",,SNUXRL3DXAJDUH9RR,https://www.hinshawshonda.com/auto/new-2026-honda-odyssey-elite-near-seattle-wa/123736499/,False,2026-08-02T08:28:27Z,2026-08-02T08:28:27Z,,
,,,,Hinshaw's Honda,Auburn,"(function(){window._cf_chl_opt = {cFPWv: 'g',cH: 'r1zQ5JAXr1wR7ARUFBAdlHyeZqR8Yz",,UFPY6DPR6KU0RMZJJ,https://www.hinshawshonda.com/auto/new-2026-honda-odyssey-elite-near-tacoma-wa/123736499/,False,2026-08-15T14:14:55Z,2026-08-15T14:14:55Z,,
,,,,Hinshaw's Honda,Auburn,"(function(){window._cf_chl_opt = {cFPWv: 'b',cH: 'SPivYd_MrGgvC991tZFfjJexTKzvqn",,WL1MHYVRG2PAESNP4,https://www.hinshawshonda.com/auto/new-2026-honda-odyssey-elite-near-renton-wa/123870356/,False,2026-08-21T15:23:20Z,2026-08-21T15:23:20Z,,
,,,,Hinshaw's Honda,Auburn,"(function(){window._cf_chl_opt = {cFPWv: 'b',cH: '2dBPRhsYxjiZ.0B6GbkyqybZ86wYYR",,WMS6DSGAEVF0HX6LC,https://www.hinshawshonda.com/auto/new-2026-honda-odyssey-elite-near-renton-wa/123736499/,False,2026-08-26T16:54:00Z,2026-08-26T16:54:00Z,,
,,,,Hinshaw's Honda,Auburn,"(function(){window._cf_chl_opt = {cFPWv: 'g',cH: 'oXzPOkrVQP.idUvwcqKw2bVtKWRsLG",,WPVTVFAHYWTFTXMGM,http://www.hinshawshonda.com/auto/new-2026-honda-odyssey-elite-near-tacoma-wa/123874484/,False,2026-08-17T14:29:12Z,2026-08-17T14:29:12Z,,
,,,,Hinshaw's Honda,Auburn,"(function(){window._cf_chl_opt = {cFPWv: 'b',cH: '5yPPrvcyGKN6piK9EKBJM8nNW080Uj",,XGLJVMJCTLPB6MG2F,https://www.hinshawshonda.com/auto/new-2026-honda-odyssey-elite-near-tacoma-wa/123870356/,False,2026-08-24T15:39:51Z,2026-08-24T15:39:51Z,,
,,,,Hinshaw's Honda,Auburn,"(function(){window._cf_chl_opt = {cFPWv: 'b',cH: 'KnxvZ6oH6LWWx63sybWM85dtQhucjf",,YJRLXKBPLYPWADF62,https://www.hinshawshonda.com/auto/new-2026-honda-odyssey-elite-near-seattle-wa/123736499/,False,2026-08-31T13:35:05Z,2026-08-31T13:35:05Z,,
,,,,Hinshaw's Honda,Auburn,"Just a moment...
*{box-sizing:border-box;margin:0;padding:0}html{line-height:1.1",,,http://www.hinshawshonda.com/auto/new-2026-honda-odyssey-elite-near-seattle-wa/123736499/,False,2026-08-14T16:22:57Z,2026-08-18T15:19:21Z,,
,,,,Hinshaw's Honda,Auburn,"Just a moment...
*{box-sizing:border-box;margin:0;padding:0}html{line-height:1.1",,,http://www.hinshawshonda.com/auto/new-2026-honda-odyssey-elite-near-tacoma-wa/123736499/,False,2026-08-14T16:22:57Z,2026-08-19T15:22:15Z,,
,,,,Hinshaw's Honda,Auburn,"Just a moment...
*{box-sizing:border-box;margin:0;padding:0}html{line-height:1.1",,,http://www.hinshawshonda.com/auto/new-2026-honda-odyssey-elite-near-tacoma-wa/123870356/,False,2026-08-14T16:22:57Z,2026-08-18T15:19:21Z,,
,,,,Hinshaw's Honda,Auburn,"Just a moment...
*{box-sizing:border-box;margin:0;padding:0}html{line-height:1.1",,,http://www.hinshawshonda.com/auto/new-2026-honda-odyssey-elite-near-tacoma-wa/123874484/,False,2026-08-14T16:22:57Z,2026-08-18T15:19:21Z,,
,,,,Hinshaw's Honda,Auburn,"Just a moment...
*{box-sizing:border-box;margin:0;padding:0}html{line-height:1.1",,,https://www.hinshawshonda.com/auto/new-2026-honda-odyssey-elite-near-kent-wa/123736499/,False,2026-08-18T15:19:21Z,2026-08-18T15:19:21Z,,
,,,,Hinshaw's Honda,Auburn,"Just a moment...
*{box-sizing:border-box;margin:0;padding:0}html{line-height:1.1",,,https://www.hinshawshonda.com/auto/new-2026-honda-odyssey-elite-near-tacoma-wa/123736499/,False,2026-08-02T08:28:27Z,2026-08-12T16:31:23Z,,
,,,,Hinshaw's Honda,Auburn,"Just a moment...
*{box-sizing:border-box;margin:0;padding:0}html{line-height:1.1",,,https://www.hinshawshonda.com/auto/new-2026-honda-odyssey-elite-near-tacoma-wa/123874484/,False,2026-08-05T18:27:41Z,2026-08-31T13:35:05Z,,
,,,,Honda Auto Center of Bellevue,Bellevue,In stock,VIN:,5FNRL6H66TB073616,https://www.bellevuehonda.com/searchnew.aspx?make=Honda&model=Odyssey,False,2026-08-02T08:28:27Z,2026-08-15T14:14:55Z,,
,,,,Honda of Bellingham,Bellingham,"Compare
New 2026
Honda Odyssey Elite
Stock: H6579
VIN: 5FNRL6H92TB044737",H6579,5FNRL6H92TB044737,https://www.hondaofbellingham.com/inventory/new-2026-honda-odyssey-elite-fwd-mini-van-passenger-5fnrl6h92tb044737/,False,2026-08-02T08:28:27Z,2026-08-19T15:22:15Z,,
,,,"Color"":""Black"",""mileageFromOdometer"":{""@type"":""QuantitativeValue"",""value"":12,""unitCode"":""SMI""},""vehi",McCurley Honda,Richland,Available,,19XFL2H85TE020859,https://www.mccurleyhonda.com/new-inventory/index.htm,False,2026-08-15T14:14:55Z,2026-08-17T14:29:12Z,,
,,,"Color"":""Gray"",""mileageFromOdometer"":{""@type"":""QuantitativeValue"",""value"":12,""unitCode"":""SMI""},""vehic",McCurley Honda,Richland,Available,,1HGCY1F22TA045932,https://www.mccurleyhonda.com/new-inventory/index.htm,False,2026-08-29T13:33:53Z,2026-08-29T13:33:53Z,,
,,,"Color"":""Black"",""mileageFromOdometer"":{""@type"":""QuantitativeValue"",""value"":12,""unitCode"":""SMI""},""vehi",McCurley Honda,Richland,Available,,1HGCY2F77TA025631,https://www.mccurleyhonda.com/new-inventory/index.htm,False,2026-08-02T08:28:27Z,2026-08-08T15:11:45Z,,
,,,"Color"":""Gray"",""mileageFromOdometer"":{""@type"":""QuantitativeValue"",""value"":12,""unitCode"":""SMI""},""vehic",McCurley Honda,Richland,Available,,3CZRZ2H51VM709088,https://www.mccurleyhonda.com/new-inventory/index.htm,False,2026-08-29T13:33:53Z,2026-08-29T13:33:53Z,,
,,,"Color"":""Gray"",""mileageFromOdometer"":{""@type"":""QuantitativeValue"",""value"":12,""unitCode"":""SMI""},""vehic",McCurley Honda,Richland,Available,,3CZRZ2H59VM710621,https://www.mccurleyhonda.com/new-inventory/index.htm,False,2026-08-26T16:54:00Z,2026-08-29T13:33:53Z,,
,,,"Color"":""Gray"",""mileageFromOdometer"":{""@type"":""QuantitativeValue"",""value"":12,""unitCode"":""SMI""},""vehic",McCurley Honda,Richland,Available,,3CZRZ2H70VM718026,https://www.mccurleyhonda.com/new-inventory/index.htm,False,2026-08-29T13:33:53Z,2026-08-29T13:33:53Z,,
,,,"Color"":""Gray"",""mileageFromOdometer"":{""@type"":""QuantitativeValue"",""value"":12,""unitCode"":""SMI""},""vehic",McCurley Honda,Richland,Available,,3CZRZ2H72VM718934,https://www.mccurleyhonda.com/new-inventory/index.htm,False,2026-08-29T13:33:53Z,2026-08-29T13:33:53Z,,
,,,"Color"":""Black"",""mileageFromOdometer"":{""@type"":""QuantitativeValue"",""value"":12,""unitCode"":""SMI""},""vehi",McCurley Honda,Richland,Available,,3CZRZ2H77VM701613,https://www.mccurleyhonda.com/new-inventory/index.htm,False,2026-08-02T08:28:27Z,2026-08-26T16:54:00Z,,
,,,"Color"":""Gray"",""mileageFromOdometer"":{""@type"":""QuantitativeValue"",""value"":12,""unitCode"":""SMI""},""vehic",McCurley Honda,Richland,Available,,3CZRZ2H77VM711722,https://www.mccurleyhonda.com/new-inventory/index.htm,False,2026-08-26T16:54:00Z,2026-08-29T13:33:53Z,,
,,,"Color"":""Black"",""mileageFromOdometer"":{""@type"":""QuantitativeValue"",""value"":12,""unitCode"":""SMI""},""vehi",McCurley Honda,Richland,Available,,3CZRZ2H78TM770081,https://www.mccurleyhonda.com/new-inventory/index.htm,False,2026-08-02T08:28:27Z,2026-08-04T19:26:45Z,,
,,,"Color"":""Gray"",""mileageFromOdometer"":{""@type"":""QuantitativeValue"",""value"":12,""unitCode"":""SMI""},""vehic",McCurley Honda,Richland,Available,,3CZRZ2H78VM709316,https://www.mccurleyhonda.com/new-inventory/index.htm,False,2026-08-29T13:33:53Z,2026-08-29T13:33:53Z,,
,,,"Color"":""Black"",""mileageFromOdometer"":{""@type"":""QuantitativeValue"",""value"":12,""unitCode"":""SMI""},""vehi",McCurley Honda,Richland,Available,,3CZRZ2H79VM708143,https://www.mccurleyhonda.com/new-inventory/index.htm,False,2026-08-05T18:27:41Z,2026-08-26T16:54:00Z,,
,,,"Color"":""Black"",""mileageFromOdometer"":{""@type"":""QuantitativeValue"",""value"":12,""unitCode"":""SMI""},""vehi",McCurley Honda,Richland,Available,,3GPKHVRJ7TS506947,https://www.mccurleyhonda.com/new-inventory/index.htm,False,2026-08-02T08:28:27Z,2026-08-26T16:54:00Z,,
,,,"Color"":""Gray"",""mileageFromOdometer"":{""@type"":""QuantitativeValue"",""value"":12,""unitCode"":""SMI""},""vehic",McCurley Honda,Richland,Available,,3GPKHVRJ8TS504768,https://www.mccurleyhonda.com/new-inventory/index.htm,False,2026-08-02T08:28:27Z,2026-08-29T13:33:53Z,,
,,,"Color"":""Gray"",""mileageFromOdometer"":{""@type"":""QuantitativeValue"",""value"":12,""unitCode"":""SMI""},""vehic",McCurley Honda,Richland,Available,,3GPKHXRJ3TS500879,https://www.mccurleyhonda.com/new-inventory/index.htm,False,2026-08-02T08:28:27Z,2026-08-29T13:33:53Z,,
,,,"Color"":""Gray"",""mileageFromOdometer"":{""@type"":""QuantitativeValue"",""value"":12,""unitCode"":""SMI""},""vehic",McCurley Honda,Richland,Available,,3GPKHXRJ3TS511865,https://www.mccurleyhonda.com/new-inventory/index.htm,False,2026-08-29T13:33:53Z,2026-08-29T13:33:53Z,,
,,,"Color"":""Gray"",""mileageFromOdometer"":{""@type"":""QuantitativeValue"",""value"":12,""unitCode"":""SMI""},""vehic",McCurley Honda,Richland,Available,,3GPKHXRJ4TS508960,https://www.mccurleyhonda.com/new-inventory/index.htm,False,2026-08-02T08:28:27Z,2026-08-29T13:33:53Z,,
,,,"Color"":""Black"",""mileageFromOdometer"":{""@type"":""QuantitativeValue"",""value"":12,""unitCode"":""SMI""},""vehi",McCurley Honda,Richland,Available,,3GPKHXRJ5TS500852,https://www.mccurleyhonda.com/new-inventory/index.htm,False,2026-08-02T08:28:27Z,2026-08-17T14:29:12Z,,
,,,"Color"":""Gray"",""mileageFromOdometer"":{""@type"":""QuantitativeValue"",""value"":12,""unitCode"":""SMI""},""vehic",McCurley Honda,Richland,Available,,3GPKHZRJ3TS511389,https://www.mccurleyhonda.com/new-inventory/index.htm,False,2026-08-16T14:14:43Z,2026-08-29T13:33:53Z,,
,,,"Color"":""Gray"",""mileageFromOdometer"":{""@type"":""QuantitativeValue"",""value"":12,""unitCode"":""SMI""},""vehic",McCurley Honda,Richland,Available,,3GPKHZRJ5TS511376,https://www.mccurleyhonda.com/new-inventory/index.htm,False,2026-08-09T15:18:27Z,2026-08-29T13:33:53Z,,
,,,"Color"":""Black"",""mileageFromOdometer"":{""@type"":""QuantitativeValue"",""value"":12,""unitCode"":""SMI""},""vehi",McCurley Honda,Richland,Available,,5FNRL6H60TB072476,https://www.mccurleyhonda.com/new-inventory/index.htm?make=Honda&model=Odyssey&gvBodyStyle=Van,False,2026-08-02T08:28:27Z,2026-08-26T16:54:00Z,,
,,,"Color"":""Gray"",""mileageFromOdometer"":{""@type"":""QuantitativeValue"",""value"":12,""unitCode"":""SMI""},""vehic",McCurley Honda,Richland,Available,,5FNRL6H62TB078926,https://www.mccurleyhonda.com/new-inventory/index.htm?make=Honda&model=Odyssey&gvBodyStyle=Van,False,2026-08-02T08:28:27Z,2026-08-29T13:33:53Z,,
,,,"Color"":""Black"",""mileageFromOdometer"":{""@type"":""QuantitativeValue"",""value"":12,""unitCode"":""SMI""},""vehi",McCurley Honda,Richland,Available,,5FNYF9H56TB075345,https://www.mccurleyhonda.com/new-inventory/index.htm,False,2026-08-15T14:14:55Z,2026-08-26T16:54:00Z,,
,,,"Color"":""Gray"",""mileageFromOdometer"":{""@type"":""QuantitativeValue"",""value"":12,""unitCode"":""SMI""},""vehic",McCurley Honda,Richland,Available,,5FNYF9H57TB079470,https://www.mccurleyhonda.com/new-inventory/index.htm,False,2026-08-29T13:33:53Z,2026-08-29T13:33:53Z,,
,,,"Color"":""Gray"",""mileageFromOdometer"":{""@type"":""QuantitativeValue"",""value"":12,""unitCode"":""SMI""},""vehic",McCurley Honda,Richland,Available,,5FNYF9H86TB065361,https://www.mccurleyhonda.com/new-inventory/index.htm,False,2026-08-02T08:28:27Z,2026-08-29T13:33:53Z,,
,,,"Color"":""Gray"",""mileageFromOdometer"":{""@type"":""QuantitativeValue"",""value"":12,""unitCode"":""SMI""},""vehic",McCurley Honda,Richland,Available,,5FNYG1H70TB041756,https://www.mccurleyhonda.com/new-inventory/index.htm,False,2026-08-29T13:33:53Z,2026-08-29T13:33:53Z,,
,,,"Color"":""Black"",""mileageFromOdometer"":{""@type"":""QuantitativeValue"",""value"":12,""unitCode"":""SMI""},""vehi",McCurley Honda,Richland,Available,,5FNYG1H76TB031264,https://www.mccurleyhonda.com/new-inventory/index.htm,False,2026-08-02T08:28:27Z,2026-08-26T16:54:00Z,,
,,,"Color"":""Gray"",""mileageFromOdometer"":{""@type"":""QuantitativeValue"",""value"":12,""unitCode"":""SMI""},""vehic",McCurley Honda,Richland,Available,,5FPYK3F16TB036089,https://www.mccurleyhonda.com/new-inventory/index.htm,False,2026-08-05T18:27:41Z,2026-08-29T13:33:53Z,,
,,,"Color"":""Gray"",""mileageFromOdometer"":{""@type"":""QuantitativeValue"",""value"":12,""unitCode"":""SMI""},""vehic",McCurley Honda,Richland,Available,,5FPYK3F52TB037176,https://www.mccurleyhonda.com/new-inventory/index.htm,False,2026-08-15T14:14:55Z,2026-08-29T13:33:53Z,,
,,,"Color"":""Black"",""mileageFromOdometer"":{""@type"":""QuantitativeValue"",""value"":12,""unitCode"":""SMI""},""vehi",McCurley Honda,Richland,Available,,5FPYK3F54TB006544,https://www.mccurleyhonda.com/new-inventory/index.htm,False,2026-08-02T08:28:27Z,2026-08-26T16:54:00Z,,
,,,"Color"":""Gray"",""mileageFromOdometer"":{""@type"":""QuantitativeValue"",""value"":12,""unitCode"":""SMI""},""vehic",McCurley Honda,Richland,Available,,5FPYK3F56TB033647,https://www.mccurleyhonda.com/new-inventory/index.htm,False,2026-08-02T08:28:27Z,2026-08-29T13:33:53Z,,
,,,"Color"":""Black"",""mileageFromOdometer"":{""@type"":""QuantitativeValue"",""value"":12,""unitCode"":""SMI""},""vehi",McCurley Honda,Richland,Available,,5FPYK3F58TB023833,https://www.mccurleyhonda.com/new-inventory/index.htm,False,2026-08-02T08:28:27Z,2026-08-26T16:54:00Z,,
,,,"Color"":""Gray"",""mileageFromOdometer"":{""@type"":""QuantitativeValue"",""value"":12,""unitCode"":""SMI""},""vehic",McCurley Honda,Richland,Available,,5FPYK3F59TB033187,https://www.mccurleyhonda.com/new-inventory/index.htm,False,2026-08-02T08:28:27Z,2026-08-29T13:33:53Z,,
,,,"Color"":""Black"",""mileageFromOdometer"":{""@type"":""QuantitativeValue"",""value"":12,""unitCode"":""SMI""},""vehi",McCurley Honda,Richland,Available,,5FPYK3F5XTB027141,https://www.mccurleyhonda.com/new-inventory/index.htm,False,2026-08-02T08:28:27Z,2026-08-26T16:54:00Z,,
,,,"Color"":""Black"",""mileageFromOdometer"":{""@type"":""QuantitativeValue"",""value"":12,""unitCode"":""SMI""},""vehi",McCurley Honda,Richland,Available,,5FPYK3F80TB035730,https://www.mccurleyhonda.com/new-inventory/index.htm,False,2026-08-02T08:28:27Z,2026-08-04T19:26:45Z,,
,,,"Color"":""Black"",""mileageFromOdometer"":{""@type"":""QuantitativeValue"",""value"":12,""unitCode"":""SMI""},""vehi",McCurley Honda,Richland,Available,,5FPYK3F83TB024642,https://www.mccurleyhonda.com/new-inventory/index.htm,False,2026-08-02T08:28:27Z,2026-08-08T15:11:45Z,,
,,,"Color"":""Black"",""mileageFromOdometer"":{""@type"":""QuantitativeValue"",""value"":12,""unitCode"":""SMI""},""vehi",McCurley Honda,Richland,Available,,7FARS6H51TE125846,https://www.mccurleyhonda.com/new-inventory/index.htm,False,2026-08-02T08:28:27Z,2026-08-14T16:22:57Z,,
,,,"Color"":""Black"",""mileageFromOdometer"":{""@type"":""QuantitativeValue"",""value"":12,""unitCode"":""SMI""},""vehi",McCurley Honda,Richland,Available,,7FARS6H55TE126501,https://www.mccurleyhonda.com/new-inventory/index.htm,False,2026-08-02T08:28:27Z,2026-08-26T16:54:00Z,,
,,,"Color"":""Gray"",""mileageFromOdometer"":{""@type"":""QuantitativeValue"",""value"":12,""unitCode"":""SMI""},""vehic",McCurley Honda,Richland,Available,,7FARS6H58TE142322,https://www.mccurleyhonda.com/new-inventory/index.htm,False,2026-08-29T13:33:53Z,2026-08-29T13:33:53Z,,
,,,"Color"":""Gray"",""mileageFromOdometer"":{""@type"":""QuantitativeValue"",""value"":12,""unitCode"":""SMI""},""vehic",McCurley Honda,Richland,Available,,7FARS6H67TE129411,https://www.mccurleyhonda.com/new-inventory/index.htm,False,2026-08-02T08:28:27Z,2026-08-29T13:33:53Z,,
,,,"Color"":""Gray"",""mileageFromOdometer"":{""@type"":""QuantitativeValue"",""value"":12,""unitCode"":""SMI""},""vehic",McCurley Honda,Richland,Available,,7FARS6H68TE091655,https://www.mccurleyhonda.com/new-inventory/index.htm,False,2026-08-02T08:28:27Z,2026-08-29T13:33:53Z,,
,,,"Color"":""Black"",""mileageFromOdometer"":{""@type"":""QuantitativeValue"",""value"":12,""unitCode"":""SMI""},""vehi",McCurley Honda,Richland,Available,,7FARS6H82TE129219,https://www.mccurleyhonda.com/new-inventory/index.htm,False,2026-08-02T08:28:27Z,2026-08-15T14:14:55Z,,
,,,"Color"":""Black"",""mileageFromOdometer"":{""@type"":""QuantitativeValue"",""value"":12,""unitCode"":""SMI""},""vehi",McCurley Honda,Richland,Available,,7FARS6H8XTE126441,https://www.mccurleyhonda.com/new-inventory/index.htm,False,2026-08-02T08:28:27Z,2026-08-14T16:22:57Z,,
,,,,Rairdon's Honda of Marysville,Marysville,In stock,,5FNRL6H61TB087648,https://www.hondaofmarysville.com/new-vehicles/odyssey/,False,2026-08-15T14:14:55Z,2026-08-31T13:35:05Z,,
,,,,Rairdon's Honda of Marysville,Marysville,In stock,,5FNRL6H6XTB065132,https://www.hondaofmarysville.com/new-vehicles/odyssey/,False,2026-08-02T08:28:27Z,2026-08-31T13:35:05Z,,
,,,,Rairdon's Honda of Marysville,Marysville,In stock,,5FNRL6H71TB089215,https://www.hondaofmarysville.com/new-vehicles/odyssey/,False,2026-08-15T14:14:55Z,2026-08-31T13:35:05Z,,
,,,,Rairdon's Honda of Marysville,Marysville,In stock,,5FNRL6H89TB077290,https://www.hondaofmarysville.com/new-vehicles/odyssey/,False,2026-08-15T14:14:55Z,2026-08-31T13:35:05Z,,
,,,,Rairdon's Honda of Marysville,Marysville,In stock,,5FNRL6H91VB001381,https://www.hondaofmarysville.com/new-vehicles/odyssey/,False,2026-08-28T22:06:54Z,2026-08-31T13:35:05Z,,
,,,,South Tacoma Honda,Tacoma,"Compare
New 2026
Honda Odyssey Elite
Stock: H23083
VIN: 5FNRL6H97TB090337",H23083,5FNRL6H97TB090337,https://www.southtacomahonda.com/inventory/new-2026-honda-odyssey-elite-fwd-4d-passenger-van-5fnrl6h97tb090337/,False,2026-08-07T16:31:34Z,2026-08-21T15:23:20Z,,
,,,,South Tacoma Honda,Tacoma,"Compare
New 2026
Honda Odyssey Elite
Stock: H23042
VIN: 5FNRL6H98TB087883",H23042,5FNRL6H98TB087883,https://www.southtacomahonda.com/inventory/new-2026-honda-odyssey-elite-fwd-4d-passenger-van-5fnrl6h98tb087883/,False,2026-08-02T08:28:27Z,2026-08-21T15:23:20Z,,
,,,"Inside, you’ll find generous seating for up to eight people and numerous creature comforts. The base",Stirling Honda,Longview,Available,,,https://www.stirlinghonda.com/blogs/5474/the-ultimate-minivan-experience-the-2025-honda-odyssey,False,2026-08-02T08:28:27Z,2026-08-23T14:13:06Z,,
,,,,Underriner Honda of Walla Walla,College Place,"Compare
New 2026
Honda Odyssey Elite FWD
Stock: WTB087586
VIN: 5FNRL6H92TB087586",WTB087586,5FNRL6H92TB087586,https://www.underrinerhondaofwallawalla.com/inventory/2026-honda-odyssey-elite-fwd-4d-passenger-van-5fnrl6h92tb087586/,False,2026-08-03T19:26:08Z,2026-08-26T16:54:00Z,,
,,"Color"",
 ""vehicle_engine"": ""engine"",
 ""vehicle_type"": ""status"",
 ""vehicle_engine_fuel"": ""fuelType"",
","Color"",
 ""vehicle_color_ext"": ""exteriorColor"",
 ""vehicle_engine"": ""engine"",
 ""vehicle_type"": ""status",Wilder Honda,Port Angeles,In transit,"stock,
 vehicle_id: vehicle_id
 };

 iSpy.sendClickpathData(""Click to Call"", post_data);
 });

 clic",5FNRL6H61TB090453,https://www.wilderhonda.com/auto/new-2026-honda-odyssey-exl-port-angeles-wa/124174997/,False,2026-08-13T16:32:22Z,2026-08-18T15:19:21Z,,
